[
  {
    "value": "AEE18DT",
    "synonyms": [
      "AEE18DT"
    ]
  },
  {
    "value": "AEE24DT",
    "synonyms": [
      "AEE24DT"
    ]
  },
  {
    "value": "AEM06LX",
    "synonyms": [
      "AEM06LX"
    ]
  },
  {
    "value": "AEM10AX",
    "synonyms": [
      "AEM10AX"
    ]
  },
  {
    "value": "AEM24DX",
    "synonyms": [
      "AEM24DX"
    ]
  },
  {
    "value": "AJCM12DCG",
    "synonyms": [
      "AJCM12DCG"
    ]
  },
  {
    "value": "AJCQ10ACG",
    "synonyms": [
      "AJCQ10ACG"
    ]
  },
  {
    "value": "AJEQ10DCF",
    "synonyms": [
      "AJEQ10DCF"
    ]
  },
  {
    "value": "AJEQ12DCF",
    "synonyms": [
      "AJEQ12DCF"
    ]
  },
  {
    "value": "CFE28USHSS",
    "synonyms": [
      "CFE28USHSS"
    ]
  },
  {
    "value": "CVM9179ELDS",
    "synonyms": [
      "CVM9179ELDS"
    ]
  },
  {
    "value": "CVM9215SLSS",
    "synonyms": [
      "CVM9215SLSS"
    ]
  },
  {
    "value": "CYE22USHSS",
    "synonyms": [
      "CYE22USHSS"
    ]
  },
  {
    "value": "CZS22MSKSS",
    "synonyms": [
      "CZS22MSKSS"
    ]
  },
  {
    "value": "DCVH480EKWW",
    "synonyms": [
      "DCVH480EKWW"
    ]
  },
  {
    "value": "FCM22DLWW",
    "synonyms": [
      "FCM22DLWW"
    ]
  },
  {
    "value": "FCM5SKWW",
    "synonyms": [
      "FCM5SKWW"
    ]
  },
  {
    "value": "FCM7CKCD",
    "synonyms": [
      "FCM7CKCD"
    ]
  },
  {
    "value": "FCM7SKWW",
    "synonyms": [
      "FCM7SKWW"
    ]
  },
  {
    "value": "GBE21DGKBB",
    "synonyms": [
      "GBE21DGKBB"
    ]
  },
  {
    "value": "GBE21DGKWW",
    "synonyms": [
      "GBE21DGKWW"
    ]
  },
  {
    "value": "GDE21ESKSS",
    "synonyms": [
      "GDE21ESKSS"
    ]
  },
  {
    "value": "GDE25ESKSS",
    "synonyms": [
      "GDE25ESKSS"
    ]
  },
  {
    "value": "GDF570SGJWW",
    "synonyms": [
      "GDF570SGJWW"
    ]
  },
  {
    "value": "GDF650SGJWW",
    "synonyms": [
      "GDF650SGJWW"
    ]
  },
  {
    "value": "GDF650SMJES",
    "synonyms": [
      "GDF650SMJES"
    ]
  },
  {
    "value": "GFD43ESSMWW",
    "synonyms": [
      "GFD43ESSMWW"
    ]
  },
  {
    "value": "GFD48ESSKWW",
    "synonyms": [
      "GFD48ESSKWW"
    ]
  },
  {
    "value": "GFD49ERPKDG",
    "synonyms": [
      "GFD49ERPKDG"
    ]
  },
  {
    "value": "GFD49ERPKRR",
    "synonyms": [
      "GFD49ERPKRR"
    ]
  },
  {
    "value": "GFW430SSMWW",
    "synonyms": [
      "GFW430SSMWW"
    ]
  },
  {
    "value": "GFW450SPMDG",
    "synonyms": [
      "GFW450SPMDG"
    ]
  },
  {
    "value": "GFW450SSMWW",
    "synonyms": [
      "GFW450SSMWW"
    ]
  },
  {
    "value": "GFW480SPKDG",
    "synonyms": [
      "GFW480SPKDG"
    ]
  },
  {
    "value": "GFW490RPKDG",
    "synonyms": [
      "GFW490RPKDG"
    ]
  },
  {
    "value": "GIE21GSHSS",
    "synonyms": [
      "GIE21GSHSS"
    ]
  },
  {
    "value": "GIE21GTHBB",
    "synonyms": [
      "GIE21GTHBB"
    ]
  },
  {
    "value": "GSM2200VBB",
    "synonyms": [
      "GSM2200VBB"
    ]
  },
  {
    "value": "GSM2260VSS",
    "synonyms": [
      "GSM2260VSS"
    ]
  },
  {
    "value": "GTD75ECSLWS",
    "synonyms": [
      "GTD75ECSLWS"
    ]
  },
  {
    "value": "GTE21GMLES",
    "synonyms": [
      "GTE21GMLES"
    ]
  },
  {
    "value": "GTE21GSHSS",
    "synonyms": [
      "GTE21GSHSS"
    ]
  },
  {
    "value": "GTW330ASKWW",
    "synonyms": [
      "GTW330ASKWW"
    ]
  },
  {
    "value": "GTW460ASJWW",
    "synonyms": [
      "GTW460ASJWW"
    ]
  },
  {
    "value": "GTW680BSJWS",
    "synonyms": [
      "GTW680BSJWS"
    ]
  },
  {
    "value": "GTW685BSLWS",
    "synonyms": [
      "GTW685BSLWS"
    ]
  },
  {
    "value": "GTW750CSLWS",
    "synonyms": [
      "GTW750CSLWS"
    ]
  },
  {
    "value": "GTW755CPMDG",
    "synonyms": [
      "GTW755CPMDG"
    ]
  },
  {
    "value": "GTW755CSMWS",
    "synonyms": [
      "GTW755CSMWS"
    ]
  },
  {
    "value": "GZS22DGJWW",
    "synonyms": [
      "GZS22DGJWW"
    ]
  },
  {
    "value": "JK3800SHSS",
    "synonyms": [
      "JK3800SHSS"
    ]
  },
  {
    "value": "JVM6175EKES",
    "synonyms": [
      "JVM6175EKES"
    ]
  },
  {
    "value": "PDF820SSJSS",
    "synonyms": [
      "PDF820SSJSS"
    ]
  },
  {
    "value": "PDT825SSJSS",
    "synonyms": [
      "PDT825SSJSS"
    ]
  },
  {
    "value": "PDT855SIJII",
    "synonyms": [
      "PDT855SIJII"
    ]
  },
  {
    "value": "PDT855SSJSS",
    "synonyms": [
      "PDT855SSJSS"
    ]
  },
  {
    "value": "PEB9159DJBB",
    "synonyms": [
      "PEB9159DJBB"
    ]
  },
  {
    "value": "PEB9159EJES",
    "synonyms": [
      "PEB9159EJES"
    ]
  },
  {
    "value": "PEB9159SJSS",
    "synonyms": [
      "PEB9159SJSS"
    ]
  },
  {
    "value": "PES7227ELES",
    "synonyms": [
      "PES7227ELES"
    ]
  },
  {
    "value": "PES7227FMDS",
    "synonyms": [
      "PES7227FMDS"
    ]
  },
  {
    "value": "PFE28PBLTS",
    "synonyms": [
      "PFE28PBLTS"
    ]
  },
  {
    "value": "PFE28PELDS",
    "synonyms": [
      "PFE28PELDS"
    ]
  },
  {
    "value": "PK7000BLTS",
    "synonyms": [
      "PK7000BLTS"
    ]
  },
  {
    "value": "PK7500SFSS",
    "synonyms": [
      "PK7500SFSS"
    ]
  },
  {
    "value": "PNM9216SKSS",
    "synonyms": [
      "PNM9216SKSS"
    ]
  },
  {
    "value": "PSB42YSKSS",
    "synonyms": [
      "PSB42YSKSS"
    ]
  },
  {
    "value": "PSB48YSKSS",
    "synonyms": [
      "PSB48YSKSS"
    ]
  },
  {
    "value": "PT7050BLTS",
    "synonyms": [
      "PT7050BLTS"
    ]
  },
  {
    "value": "PT7550BLTS",
    "synonyms": [
      "PT7550BLTS"
    ]
  },
  {
    "value": "PT7800DHWW",
    "synonyms": [
      "PT7800DHWW"
    ]
  },
  {
    "value": "PT9051SLSS",
    "synonyms": [
      "PT9051SLSS"
    ]
  },
  {
    "value": "PT9200SLSS",
    "synonyms": [
      "PT9200SLSS"
    ]
  },
  {
    "value": "PT9551BLTS",
    "synonyms": [
      "PT9551BLTS"
    ]
  },
  {
    "value": "PT9800SHSS",
    "synonyms": [
      "PT9800SHSS"
    ]
  },
  {
    "value": "PVM9179BLTS",
    "synonyms": [
      "PVM9179BLTS"
    ]
  },
  {
    "value": "PVM9179DKWW",
    "synonyms": [
      "PVM9179DKWW"
    ]
  },
  {
    "value": "PVM9179EKES",
    "synonyms": [
      "PVM9179EKES"
    ]
  },
  {
    "value": "PVM9179SKSS",
    "synonyms": [
      "PVM9179SKSS"
    ]
  },
  {
    "value": "PYD22KBLTS",
    "synonyms": [
      "PYD22KBLTS"
    ]
  },
  {
    "value": "PYD22KSLSS",
    "synonyms": [
      "PYD22KSLSS"
    ]
  },
  {
    "value": "WCVH4800KWW",
    "synonyms": [
      "WCVH4800KWW"
    ]
  }
]