[
  {
    "value": "ACZN9002",
    "synonyms": [
      "ACZN9002"
    ]
  },
  {
    "value": "ACZN9003",
    "synonyms": [
      "ACZN9003"
    ]
  },
  {
    "value": "ACZN9004",
    "synonyms": [
      "ACZN9004"
    ]
  },
  {
    "value": "ACZN9005",
    "synonyms": [
      "ACZN9005"
    ]
  },
  {
    "value": "ACZN9006",
    "synonyms": [
      "ACZN9006"
    ]
  },
  {
    "value": "ACZN9007",
    "synonyms": [
      "ACZN9007"
    ]
  },
  {
    "value": "ACZN9008",
    "synonyms": [
      "ACZN9008"
    ]
  },
  {
    "value": "ACZN9009",
    "synonyms": [
      "ACZN9009"
    ]
  },
  {
    "value": "ACZN9010",
    "synonyms": [
      "ACZN9010"
    ]
  },
  {
    "value": "ACZN9011",
    "synonyms": [
      "ACZN9011"
    ]
  },
  {
    "value": "ACZN9012",
    "synonyms": [
      "ACZN9012"
    ]
  },
  {
    "value": "ACZN9013",
    "synonyms": [
      "ACZN9013"
    ]
  },
  {
    "value": "ACZN9014",
    "synonyms": [
      "ACZN9014"
    ]
  },
  {
    "value": "ACZN9015",
    "synonyms": [
      "ACZN9015"
    ]
  },
  {
    "value": "ACZN9016",
    "synonyms": [
      "ACZN9016"
    ]
  },
  {
    "value": "ACZN9017",
    "synonyms": [
      "ACZN9017"
    ]
  },
  {
    "value": "ACZN9018",
    "synonyms": [
      "ACZN9018"
    ]
  },
  {
    "value": "ACZN9019",
    "synonyms": [
      "ACZN9019"
    ]
  },
  {
    "value": "ACZN9020",
    "synonyms": [
      "ACZN9020"
    ]
  },
  {
    "value": "ACZN9021",
    "synonyms": [
      "ACZN9021"
    ]
  },
  {
    "value": "ACZN9022",
    "synonyms": [
      "ACZN9022"
    ]
  },
  {
    "value": "ACZN9023",
    "synonyms": [
      "ACZN9023"
    ]
  },
  {
    "value": "ACZN9024",
    "synonyms": [
      "ACZN9024"
    ]
  },
  {
    "value": "ACZN9025",
    "synonyms": [
      "ACZN9025"
    ]
  },
  {
    "value": "ACZN9026",
    "synonyms": [
      "ACZN9026"
    ]
  },
  {
    "value": "ACZN9027",
    "synonyms": [
      "ACZN9027"
    ]
  },
  {
    "value": "ACZN9028",
    "synonyms": [
      "ACZN9028"
    ]
  },
  {
    "value": "ACZN9029",
    "synonyms": [
      "ACZN9029"
    ]
  },
  {
    "value": "ACZN9030",
    "synonyms": [
      "ACZN9030"
    ]
  },
  {
    "value": "ACZN9031",
    "synonyms": [
      "ACZN9031"
    ]
  },
  {
    "value": "ACZN9032",
    "synonyms": [
      "ACZN9032"
    ]
  },
  {
    "value": "ACZN9033",
    "synonyms": [
      "ACZN9033"
    ]
  },
  {
    "value": "ACZN9034",
    "synonyms": [
      "ACZN9034"
    ]
  },
  {
    "value": "ACZN9035",
    "synonyms": [
      "ACZN9035"
    ]
  },
  {
    "value": "ACZN9036",
    "synonyms": [
      "ACZN9036"
    ]
  },
  {
    "value": "ACZN9037",
    "synonyms": [
      "ACZN9037"
    ]
  },
  {
    "value": "ACZN9038",
    "synonyms": [
      "ACZN9038"
    ]
  },
  {
    "value": "ACZN9039",
    "synonyms": [
      "ACZN9039"
    ]
  },
  {
    "value": "ACZN9040",
    "synonyms": [
      "ACZN9040"
    ]
  },
  {
    "value": "ACZN9041",
    "synonyms": [
      "ACZN9041"
    ]
  },
  {
    "value": "ACZN9042",
    "synonyms": [
      "ACZN9042"
    ]
  },
  {
    "value": "ACZN9043",
    "synonyms": [
      "ACZN9043"
    ]
  },
  {
    "value": "ACZN9044",
    "synonyms": [
      "ACZN9044"
    ]
  },
  {
    "value": "ACZN9045",
    "synonyms": [
      "ACZN9045"
    ]
  },
  {
    "value": "ACZN9046",
    "synonyms": [
      "ACZN9046"
    ]
  },
  {
    "value": "ACZN9047",
    "synonyms": [
      "ACZN9047"
    ]
  },
  {
    "value": "ACZN9048",
    "synonyms": [
      "ACZN9048"
    ]
  },
  {
    "value": "ACZN9049",
    "synonyms": [
      "ACZN9049"
    ]
  },
  {
    "value": "ACZN9050",
    "synonyms": [
      "ACZN9050"
    ]
  },
  {
    "value": "ACZN9051",
    "synonyms": [
      "ACZN9051"
    ]
  },
  {
    "value": "ACZN9052",
    "synonyms": [
      "ACZN9052"
    ]
  },
  {
    "value": "ACZN9053",
    "synonyms": [
      "ACZN9053"
    ]
  },
  {
    "value": "ACZN9054",
    "synonyms": [
      "ACZN9054"
    ]
  },
  {
    "value": "ACZN9055",
    "synonyms": [
      "ACZN9055"
    ]
  },
  {
    "value": "ACZN9056",
    "synonyms": [
      "ACZN9056"
    ]
  },
  {
    "value": "ACZN9057",
    "synonyms": [
      "ACZN9057"
    ]
  },
  {
    "value": "ACZN9058",
    "synonyms": [
      "ACZN9058"
    ]
  },
  {
    "value": "ACZN9059",
    "synonyms": [
      "ACZN9059"
    ]
  },
  {
    "value": "ACZN9060",
    "synonyms": [
      "ACZN9060"
    ]
  },
  {
    "value": "ACZN9061",
    "synonyms": [
      "ACZN9061"
    ]
  },
  {
    "value": "ACZN9062",
    "synonyms": [
      "ACZN9062"
    ]
  },
  {
    "value": "ACZN9063",
    "synonyms": [
      "ACZN9063"
    ]
  },
  {
    "value": "ACZN9064",
    "synonyms": [
      "ACZN9064"
    ]
  },
  {
    "value": "ACZN9065",
    "synonyms": [
      "ACZN9065"
    ]
  },
  {
    "value": "ACZN9066",
    "synonyms": [
      "ACZN9066"
    ]
  },
  {
    "value": "ACZN9067",
    "synonyms": [
      "ACZN9067"
    ]
  },
  {
    "value": "ACZN9068",
    "synonyms": [
      "ACZN9068"
    ]
  },
  {
    "value": "ACZN9069",
    "synonyms": [
      "ACZN9069"
    ]
  },
  {
    "value": "ACZN9070",
    "synonyms": [
      "ACZN9070"
    ]
  },
  {
    "value": "ACZN9071",
    "synonyms": [
      "ACZN9071"
    ]
  },
  {
    "value": "ACZN9072",
    "synonyms": [
      "ACZN9072"
    ]
  },
  {
    "value": "ACZN9073",
    "synonyms": [
      "ACZN9073"
    ]
  },
  {
    "value": "ACZN9074",
    "synonyms": [
      "ACZN9074"
    ]
  },
  {
    "value": "ACZN9075",
    "synonyms": [
      "ACZN9075"
    ]
  },
  {
    "value": "DHRT5654",
    "synonyms": [
      "DHRT5654"
    ]
  },
  {
    "value": "DHRT5655",
    "synonyms": [
      "DHRT5655"
    ]
  },
  {
    "value": "DHRT5656",
    "synonyms": [
      "DHRT5656"
    ]
  },
  {
    "value": "DHRT5657",
    "synonyms": [
      "DHRT5657"
    ]
  },
  {
    "value": "DHRT5658",
    "synonyms": [
      "DHRT5658"
    ]
  },
  {
    "value": "DHRT5659",
    "synonyms": [
      "DHRT5659"
    ]
  },
  {
    "value": "DHRT5660",
    "synonyms": [
      "DHRT5660"
    ]
  },
  {
    "value": "DHRT5661",
    "synonyms": [
      "DHRT5661"
    ]
  },
  {
    "value": "DHRT5662",
    "synonyms": [
      "DHRT5662"
    ]
  },
  {
    "value": "DHRT5663",
    "synonyms": [
      "DHRT5663"
    ]
  },
  {
    "value": "DHRT5664",
    "synonyms": [
      "DHRT5664"
    ]
  },
  {
    "value": "DHRT5665",
    "synonyms": [
      "DHRT5665"
    ]
  },
  {
    "value": "DHRT5666",
    "synonyms": [
      "DHRT5666"
    ]
  },
  {
    "value": "DHRT5667",
    "synonyms": [
      "DHRT5667"
    ]
  },
  {
    "value": "DHRT5668",
    "synonyms": [
      "DHRT5668"
    ]
  },
  {
    "value": "DHRT5669",
    "synonyms": [
      "DHRT5669"
    ]
  },
  {
    "value": "DHRT5670",
    "synonyms": [
      "DHRT5670"
    ]
  },
  {
    "value": "DHRT5671",
    "synonyms": [
      "DHRT5671"
    ]
  },
  {
    "value": "DHRT5672",
    "synonyms": [
      "DHRT5672"
    ]
  },
  {
    "value": "DHRT5673",
    "synonyms": [
      "DHRT5673"
    ]
  },
  {
    "value": "DHRT5674",
    "synonyms": [
      "DHRT5674"
    ]
  },
  {
    "value": "DHRT5675",
    "synonyms": [
      "DHRT5675"
    ]
  },
  {
    "value": "DHRT5676",
    "synonyms": [
      "DHRT5676"
    ]
  },
  {
    "value": "DHRT5677",
    "synonyms": [
      "DHRT5677"
    ]
  },
  {
    "value": "DHRT5678",
    "synonyms": [
      "DHRT5678"
    ]
  },
  {
    "value": "DHRT5679",
    "synonyms": [
      "DHRT5679"
    ]
  },
  {
    "value": "DHRT5680",
    "synonyms": [
      "DHRT5680"
    ]
  },
  {
    "value": "DHRT5681",
    "synonyms": [
      "DHRT5681"
    ]
  },
  {
    "value": "DHRT5682",
    "synonyms": [
      "DHRT5682"
    ]
  },
  {
    "value": "DHRT5683",
    "synonyms": [
      "DHRT5683"
    ]
  },
  {
    "value": "DHRT5684",
    "synonyms": [
      "DHRT5684"
    ]
  },
  {
    "value": "DHRT5685",
    "synonyms": [
      "DHRT5685"
    ]
  },
  {
    "value": "DHRT5686",
    "synonyms": [
      "DHRT5686"
    ]
  },
  {
    "value": "DHRT5687",
    "synonyms": [
      "DHRT5687"
    ]
  },
  {
    "value": "DHRT5688",
    "synonyms": [
      "DHRT5688"
    ]
  },
  {
    "value": "DHRT5689",
    "synonyms": [
      "DHRT5689"
    ]
  },
  {
    "value": "DHRT5690",
    "synonyms": [
      "DHRT5690"
    ]
  },
  {
    "value": "DHRT5691",
    "synonyms": [
      "DHRT5691"
    ]
  },
  {
    "value": "DHRT5692",
    "synonyms": [
      "DHRT5692"
    ]
  },
  {
    "value": "DHRT5693",
    "synonyms": [
      "DHRT5693"
    ]
  },
  {
    "value": "DHRT5694",
    "synonyms": [
      "DHRT5694"
    ]
  },
  {
    "value": "DHRT5695",
    "synonyms": [
      "DHRT5695"
    ]
  },
  {
    "value": "DHRT5696",
    "synonyms": [
      "DHRT5696"
    ]
  },
  {
    "value": "DHRT5697",
    "synonyms": [
      "DHRT5697"
    ]
  },
  {
    "value": "DHRT5698",
    "synonyms": [
      "DHRT5698"
    ]
  },
  {
    "value": "DRBG0098",
    "synonyms": [
      "DRBG0098"
    ]
  },
  {
    "value": "DRBG0099",
    "synonyms": [
      "DRBG0099"
    ]
  },
  {
    "value": "DRBG0100",
    "synonyms": [
      "DRBG0100"
    ]
  },
  {
    "value": "DRBG0101",
    "synonyms": [
      "DRBG0101"
    ]
  },
  {
    "value": "DRBG0102",
    "synonyms": [
      "DRBG0102"
    ]
  },
  {
    "value": "DRBG0103",
    "synonyms": [
      "DRBG0103"
    ]
  },
  {
    "value": "DRBG0104",
    "synonyms": [
      "DRBG0104"
    ]
  },
  {
    "value": "DRBG0105",
    "synonyms": [
      "DRBG0105"
    ]
  },
  {
    "value": "DRBG0106",
    "synonyms": [
      "DRBG0106"
    ]
  },
  {
    "value": "DRBG0107",
    "synonyms": [
      "DRBG0107"
    ]
  },
  {
    "value": "DRBG0108",
    "synonyms": [
      "DRBG0108"
    ]
  },
  {
    "value": "DRBG0109",
    "synonyms": [
      "DRBG0109"
    ]
  },
  {
    "value": "DRBG0110",
    "synonyms": [
      "DRBG0110"
    ]
  },
  {
    "value": "DRBG0111",
    "synonyms": [
      "DRBG0111"
    ]
  },
  {
    "value": "DRBG0112",
    "synonyms": [
      "DRBG0112"
    ]
  },
  {
    "value": "DRBG0113",
    "synonyms": [
      "DRBG0113"
    ]
  },
  {
    "value": "DRBG0114",
    "synonyms": [
      "DRBG0114"
    ]
  },
  {
    "value": "DRBG0115",
    "synonyms": [
      "DRBG0115"
    ]
  },
  {
    "value": "DRBG0116",
    "synonyms": [
      "DRBG0116"
    ]
  },
  {
    "value": "DRBG0117",
    "synonyms": [
      "DRBG0117"
    ]
  },
  {
    "value": "DRBG0118",
    "synonyms": [
      "DRBG0118"
    ]
  },
  {
    "value": "DRBG0119",
    "synonyms": [
      "DRBG0119"
    ]
  },
  {
    "value": "DRBG0120",
    "synonyms": [
      "DRBG0120"
    ]
  },
  {
    "value": "DRBG0121",
    "synonyms": [
      "DRBG0121"
    ]
  },
  {
    "value": "DRBG0122",
    "synonyms": [
      "DRBG0122"
    ]
  },
  {
    "value": "DRBG0123",
    "synonyms": [
      "DRBG0123"
    ]
  },
  {
    "value": "DRBG0124",
    "synonyms": [
      "DRBG0124"
    ]
  },
  {
    "value": "FZIN9809",
    "synonyms": [
      "FZIN9809"
    ]
  },
  {
    "value": "FZIN9810",
    "synonyms": [
      "FZIN9810"
    ]
  },
  {
    "value": "FZIN9811",
    "synonyms": [
      "FZIN9811"
    ]
  },
  {
    "value": "FZIN9812",
    "synonyms": [
      "FZIN9812"
    ]
  },
  {
    "value": "FZIN9813",
    "synonyms": [
      "FZIN9813"
    ]
  },
  {
    "value": "FZIN9814",
    "synonyms": [
      "FZIN9814"
    ]
  },
  {
    "value": "FZIN9815",
    "synonyms": [
      "FZIN9815"
    ]
  },
  {
    "value": "FZIN9816",
    "synonyms": [
      "FZIN9816"
    ]
  },
  {
    "value": "FZIN9817",
    "synonyms": [
      "FZIN9817"
    ]
  },
  {
    "value": "FZIN9818",
    "synonyms": [
      "FZIN9818"
    ]
  },
  {
    "value": "FZIN9819",
    "synonyms": [
      "FZIN9819"
    ]
  },
  {
    "value": "FZIN9820",
    "synonyms": [
      "FZIN9820"
    ]
  },
  {
    "value": "FZIN9821",
    "synonyms": [
      "FZIN9821"
    ]
  },
  {
    "value": "FZIN9822",
    "synonyms": [
      "FZIN9822"
    ]
  },
  {
    "value": "FZIN9823",
    "synonyms": [
      "FZIN9823"
    ]
  },
  {
    "value": "FZIN9824",
    "synonyms": [
      "FZIN9824"
    ]
  },
  {
    "value": "FZIN9825",
    "synonyms": [
      "FZIN9825"
    ]
  },
  {
    "value": "FZIN9826",
    "synonyms": [
      "FZIN9826"
    ]
  },
  {
    "value": "FZIN9827",
    "synonyms": [
      "FZIN9827"
    ]
  },
  {
    "value": "MOOP6654",
    "synonyms": [
      "MOOP6654"
    ]
  },
  {
    "value": "MOOP6655",
    "synonyms": [
      "MOOP6655"
    ]
  },
  {
    "value": "MOOP6656",
    "synonyms": [
      "MOOP6656"
    ]
  },
  {
    "value": "MOOP6657",
    "synonyms": [
      "MOOP6657"
    ]
  },
  {
    "value": "MOOP6658",
    "synonyms": [
      "MOOP6658"
    ]
  },
  {
    "value": "MOOP6659",
    "synonyms": [
      "MOOP6659"
    ]
  },
  {
    "value": "MOOP6660",
    "synonyms": [
      "MOOP6660"
    ]
  },
  {
    "value": "MOOP6661",
    "synonyms": [
      "MOOP6661"
    ]
  },
  {
    "value": "MOOP6662",
    "synonyms": [
      "MOOP6662"
    ]
  },
  {
    "value": "MOOP6663",
    "synonyms": [
      "MOOP6663"
    ]
  },
  {
    "value": "MOOP6664",
    "synonyms": [
      "MOOP6664"
    ]
  },
  {
    "value": "MOOP6665",
    "synonyms": [
      "MOOP6665"
    ]
  },
  {
    "value": "MOOP6666",
    "synonyms": [
      "MOOP6666"
    ]
  },
  {
    "value": "MOOP6667",
    "synonyms": [
      "MOOP6667"
    ]
  },
  {
    "value": "MOOP6668",
    "synonyms": [
      "MOOP6668"
    ]
  },
  {
    "value": "MOOP6669",
    "synonyms": [
      "MOOP6669"
    ]
  },
  {
    "value": "MOOP6670",
    "synonyms": [
      "MOOP6670"
    ]
  },
  {
    "value": "MOOP6671",
    "synonyms": [
      "MOOP6671"
    ]
  },
  {
    "value": "MOOP6672",
    "synonyms": [
      "MOOP6672"
    ]
  },
  {
    "value": "MOOP6673",
    "synonyms": [
      "MOOP6673"
    ]
  },
  {
    "value": "MOOP6674",
    "synonyms": [
      "MOOP6674"
    ]
  },
  {
    "value": "MOOP6675",
    "synonyms": [
      "MOOP6675"
    ]
  },
  {
    "value": "MOOP6676",
    "synonyms": [
      "MOOP6676"
    ]
  },
  {
    "value": "MOOP6677",
    "synonyms": [
      "MOOP6677"
    ]
  },
  {
    "value": "MOOP6678",
    "synonyms": [
      "MOOP6678"
    ]
  },
  {
    "value": "MOOP6679",
    "synonyms": [
      "MOOP6679"
    ]
  },
  {
    "value": "MOOP6680",
    "synonyms": [
      "MOOP6680"
    ]
  },
  {
    "value": "MOOP6681",
    "synonyms": [
      "MOOP6681"
    ]
  },
  {
    "value": "MOOP6682",
    "synonyms": [
      "MOOP6682"
    ]
  },
  {
    "value": "MOOP6683",
    "synonyms": [
      "MOOP6683"
    ]
  },
  {
    "value": "MOOP6684",
    "synonyms": [
      "MOOP6684"
    ]
  },
  {
    "value": "MOOP6685",
    "synonyms": [
      "MOOP6685"
    ]
  },
  {
    "value": "MOOP6686",
    "synonyms": [
      "MOOP6686"
    ]
  },
  {
    "value": "MOOP6687",
    "synonyms": [
      "MOOP6687"
    ]
  },
  {
    "value": "MOOP6688",
    "synonyms": [
      "MOOP6688"
    ]
  },
  {
    "value": "MOOP6689",
    "synonyms": [
      "MOOP6689"
    ]
  },
  {
    "value": "MOOP6690",
    "synonyms": [
      "MOOP6690"
    ]
  },
  {
    "value": "MOOP6691",
    "synonyms": [
      "MOOP6691"
    ]
  },
  {
    "value": "MOOP6692",
    "synonyms": [
      "MOOP6692"
    ]
  },
  {
    "value": "MOOP6693",
    "synonyms": [
      "MOOP6693"
    ]
  },
  {
    "value": "MOOP6694",
    "synonyms": [
      "MOOP6694"
    ]
  },
  {
    "value": "MOOP6695",
    "synonyms": [
      "MOOP6695"
    ]
  },
  {
    "value": "MOOP6696",
    "synonyms": [
      "MOOP6696"
    ]
  },
  {
    "value": "MOOP6697",
    "synonyms": [
      "MOOP6697"
    ]
  },
  {
    "value": "MOOP6698",
    "synonyms": [
      "MOOP6698"
    ]
  },
  {
    "value": "MOOP6699",
    "synonyms": [
      "MOOP6699"
    ]
  },
  {
    "value": "MOOP6700",
    "synonyms": [
      "MOOP6700"
    ]
  },
  {
    "value": "MOOP6701",
    "synonyms": [
      "MOOP6701"
    ]
  },
  {
    "value": "MOOP6702",
    "synonyms": [
      "MOOP6702"
    ]
  },
  {
    "value": "MOOP6703",
    "synonyms": [
      "MOOP6703"
    ]
  },
  {
    "value": "MOOP6704",
    "synonyms": [
      "MOOP6704"
    ]
  },
  {
    "value": "MOOP6705",
    "synonyms": [
      "MOOP6705"
    ]
  },
  {
    "value": "MOOP6706",
    "synonyms": [
      "MOOP6706"
    ]
  },
  {
    "value": "MOOP6707",
    "synonyms": [
      "MOOP6707"
    ]
  },
  {
    "value": "MOOP6708",
    "synonyms": [
      "MOOP6708"
    ]
  },
  {
    "value": "MOOP6709",
    "synonyms": [
      "MOOP6709"
    ]
  },
  {
    "value": "MOOP6710",
    "synonyms": [
      "MOOP6710"
    ]
  },
  {
    "value": "MOOP6711",
    "synonyms": [
      "MOOP6711"
    ]
  },
  {
    "value": "MOOP6712",
    "synonyms": [
      "MOOP6712"
    ]
  },
  {
    "value": "MOOP6713",
    "synonyms": [
      "MOOP6713"
    ]
  },
  {
    "value": "MOOP6714",
    "synonyms": [
      "MOOP6714"
    ]
  },
  {
    "value": "MOOP6715",
    "synonyms": [
      "MOOP6715"
    ]
  },
  {
    "value": "MOOP6716",
    "synonyms": [
      "MOOP6716"
    ]
  },
  {
    "value": "MOOP6717",
    "synonyms": [
      "MOOP6717"
    ]
  },
  {
    "value": "MOOP6718",
    "synonyms": [
      "MOOP6718"
    ]
  },
  {
    "value": "MOOP6719",
    "synonyms": [
      "MOOP6719"
    ]
  },
  {
    "value": "MOOP6720",
    "synonyms": [
      "MOOP6720"
    ]
  },
  {
    "value": "MOOP6721",
    "synonyms": [
      "MOOP6721"
    ]
  },
  {
    "value": "MOOP6722",
    "synonyms": [
      "MOOP6722"
    ]
  },
  {
    "value": "RFAZ3345",
    "synonyms": [
      "RFAZ3345"
    ]
  },
  {
    "value": "RFAZ3346",
    "synonyms": [
      "RFAZ3346"
    ]
  },
  {
    "value": "RFAZ3347",
    "synonyms": [
      "RFAZ3347"
    ]
  },
  {
    "value": "RFAZ3348",
    "synonyms": [
      "RFAZ3348"
    ]
  },
  {
    "value": "RFAZ3349",
    "synonyms": [
      "RFAZ3349"
    ]
  },
  {
    "value": "RFAZ3350",
    "synonyms": [
      "RFAZ3350"
    ]
  },
  {
    "value": "RFAZ3351",
    "synonyms": [
      "RFAZ3351"
    ]
  },
  {
    "value": "RFAZ3352",
    "synonyms": [
      "RFAZ3352"
    ]
  },
  {
    "value": "RFAZ3353",
    "synonyms": [
      "RFAZ3353"
    ]
  },
  {
    "value": "RFAZ3354",
    "synonyms": [
      "RFAZ3354"
    ]
  },
  {
    "value": "RFAZ3355",
    "synonyms": [
      "RFAZ3355"
    ]
  },
  {
    "value": "RFAZ3356",
    "synonyms": [
      "RFAZ3356"
    ]
  },
  {
    "value": "RFAZ3357",
    "synonyms": [
      "RFAZ3357"
    ]
  },
  {
    "value": "RFAZ3358",
    "synonyms": [
      "RFAZ3358"
    ]
  },
  {
    "value": "RFAZ3359",
    "synonyms": [
      "RFAZ3359"
    ]
  },
  {
    "value": "RFAZ3360",
    "synonyms": [
      "RFAZ3360"
    ]
  },
  {
    "value": "RFAZ3361",
    "synonyms": [
      "RFAZ3361"
    ]
  },
  {
    "value": "RFAZ3362",
    "synonyms": [
      "RFAZ3362"
    ]
  },
  {
    "value": "RFAZ3363",
    "synonyms": [
      "RFAZ3363"
    ]
  },
  {
    "value": "RFAZ3364",
    "synonyms": [
      "RFAZ3364"
    ]
  },
  {
    "value": "RFAZ3365",
    "synonyms": [
      "RFAZ3365"
    ]
  },
  {
    "value": "RFAZ3366",
    "synonyms": [
      "RFAZ3366"
    ]
  },
  {
    "value": "RFAZ3367",
    "synonyms": [
      "RFAZ3367"
    ]
  },
  {
    "value": "RFAZ3368",
    "synonyms": [
      "RFAZ3368"
    ]
  },
  {
    "value": "RFAZ3369",
    "synonyms": [
      "RFAZ3369"
    ]
  },
  {
    "value": "RFAZ3370",
    "synonyms": [
      "RFAZ3370"
    ]
  },
  {
    "value": "RFAZ3371",
    "synonyms": [
      "RFAZ3371"
    ]
  },
  {
    "value": "RFAZ3372",
    "synonyms": [
      "RFAZ3372"
    ]
  },
  {
    "value": "RFAZ3373",
    "synonyms": [
      "RFAZ3373"
    ]
  },
  {
    "value": "RFAZ3374",
    "synonyms": [
      "RFAZ3374"
    ]
  },
  {
    "value": "RFAZ3375",
    "synonyms": [
      "RFAZ3375"
    ]
  },
  {
    "value": "RFAZ3376",
    "synonyms": [
      "RFAZ3376"
    ]
  },
  {
    "value": "RFAZ3377",
    "synonyms": [
      "RFAZ3377"
    ]
  },
  {
    "value": "RFAZ3378",
    "synonyms": [
      "RFAZ3378"
    ]
  },
  {
    "value": "RFAZ3379",
    "synonyms": [
      "RFAZ3379"
    ]
  },
  {
    "value": "RFAZ3380",
    "synonyms": [
      "RFAZ3380"
    ]
  },
  {
    "value": "RFAZ3381",
    "synonyms": [
      "RFAZ3381"
    ]
  },
  {
    "value": "RFAZ3382",
    "synonyms": [
      "RFAZ3382"
    ]
  },
  {
    "value": "RFAZ3383",
    "synonyms": [
      "RFAZ3383"
    ]
  },
  {
    "value": "RFAZ3384",
    "synonyms": [
      "RFAZ3384"
    ]
  },
  {
    "value": "RFAZ3385",
    "synonyms": [
      "RFAZ3385"
    ]
  },
  {
    "value": "RFAZ3386",
    "synonyms": [
      "RFAZ3386"
    ]
  },
  {
    "value": "RFAZ3387",
    "synonyms": [
      "RFAZ3387"
    ]
  },
  {
    "value": "RFAZ3388",
    "synonyms": [
      "RFAZ3388"
    ]
  },
  {
    "value": "RFAZ3389",
    "synonyms": [
      "RFAZ3389"
    ]
  },
  {
    "value": "RFAZ3390",
    "synonyms": [
      "RFAZ3390"
    ]
  },
  {
    "value": "RFAZ3391",
    "synonyms": [
      "RFAZ3391"
    ]
  },
  {
    "value": "RFAZ3392",
    "synonyms": [
      "RFAZ3392"
    ]
  },
  {
    "value": "RFAZ3393",
    "synonyms": [
      "RFAZ3393"
    ]
  },
  {
    "value": "RFAZ3394",
    "synonyms": [
      "RFAZ3394"
    ]
  },
  {
    "value": "RFAZ3395",
    "synonyms": [
      "RFAZ3395"
    ]
  },
  {
    "value": "RFAZ3396",
    "synonyms": [
      "RFAZ3396"
    ]
  },
  {
    "value": "RFAZ3397",
    "synonyms": [
      "RFAZ3397"
    ]
  },
  {
    "value": "RFAZ3398",
    "synonyms": [
      "RFAZ3398"
    ]
  },
  {
    "value": "RFAZ3399",
    "synonyms": [
      "RFAZ3399"
    ]
  },
  {
    "value": "RFAZ3400",
    "synonyms": [
      "RFAZ3400"
    ]
  },
  {
    "value": "RFAZ3401",
    "synonyms": [
      "RFAZ3401"
    ]
  },
  {
    "value": "RFAZ3402",
    "synonyms": [
      "RFAZ3402"
    ]
  },
  {
    "value": "RFAZ3403",
    "synonyms": [
      "RFAZ3403"
    ]
  },
  {
    "value": "RFAZ3404",
    "synonyms": [
      "RFAZ3404"
    ]
  },
  {
    "value": "RFAZ3405",
    "synonyms": [
      "RFAZ3405"
    ]
  },
  {
    "value": "RFAZ3406",
    "synonyms": [
      "RFAZ3406"
    ]
  },
  {
    "value": "RFAZ3407",
    "synonyms": [
      "RFAZ3407"
    ]
  },
  {
    "value": "RFAZ3408",
    "synonyms": [
      "RFAZ3408"
    ]
  },
  {
    "value": "RFAZ3409",
    "synonyms": [
      "RFAZ3409"
    ]
  },
  {
    "value": "RFAZ3410",
    "synonyms": [
      "RFAZ3410"
    ]
  },
  {
    "value": "RFAZ3411",
    "synonyms": [
      "RFAZ3411"
    ]
  },
  {
    "value": "RFAZ3412",
    "synonyms": [
      "RFAZ3412"
    ]
  },
  {
    "value": "RFAZ3413",
    "synonyms": [
      "RFAZ3413"
    ]
  },
  {
    "value": "RFAZ3414",
    "synonyms": [
      "RFAZ3414"
    ]
  },
  {
    "value": "RFAZ3415",
    "synonyms": [
      "RFAZ3415"
    ]
  },
  {
    "value": "RFAZ3416",
    "synonyms": [
      "RFAZ3416"
    ]
  },
  {
    "value": "RFAZ3417",
    "synonyms": [
      "RFAZ3417"
    ]
  },
  {
    "value": "RFAZ3418",
    "synonyms": [
      "RFAZ3418"
    ]
  },
  {
    "value": "RFAZ3419",
    "synonyms": [
      "RFAZ3419"
    ]
  },
  {
    "value": "RFAZ3420",
    "synonyms": [
      "RFAZ3420"
    ]
  },
  {
    "value": "RFAZ3421",
    "synonyms": [
      "RFAZ3421"
    ]
  },
  {
    "value": "RFAZ3422",
    "synonyms": [
      "RFAZ3422"
    ]
  },
  {
    "value": "RFAZ3423",
    "synonyms": [
      "RFAZ3423"
    ]
  },
  {
    "value": "RFAZ3424",
    "synonyms": [
      "RFAZ3424"
    ]
  },
  {
    "value": "WOPK2234",
    "synonyms": [
      "WOPK2234"
    ]
  },
  {
    "value": "WOPK2235",
    "synonyms": [
      "WOPK2235"
    ]
  },
  {
    "value": "WOPK2236",
    "synonyms": [
      "WOPK2236"
    ]
  },
  {
    "value": "WOPK2237",
    "synonyms": [
      "WOPK2237"
    ]
  },
  {
    "value": "WOPK2238",
    "synonyms": [
      "WOPK2238"
    ]
  },
  {
    "value": "WOPK2239",
    "synonyms": [
      "WOPK2239"
    ]
  },
  {
    "value": "WOPK2240",
    "synonyms": [
      "WOPK2240"
    ]
  },
  {
    "value": "WOPK2241",
    "synonyms": [
      "WOPK2241"
    ]
  },
  {
    "value": "WOPK2242",
    "synonyms": [
      "WOPK2242"
    ]
  },
  {
    "value": "WOPK2243",
    "synonyms": [
      "WOPK2243"
    ]
  },
  {
    "value": "WOPK2244",
    "synonyms": [
      "WOPK2244"
    ]
  },
  {
    "value": "WOPK2245",
    "synonyms": [
      "WOPK2245"
    ]
  },
  {
    "value": "WOPK2246",
    "synonyms": [
      "WOPK2246"
    ]
  },
  {
    "value": "WOPK2247",
    "synonyms": [
      "WOPK2247"
    ]
  },
  {
    "value": "WOPK2248",
    "synonyms": [
      "WOPK2248"
    ]
  },
  {
    "value": "WOPK2249",
    "synonyms": [
      "WOPK2249"
    ]
  },
  {
    "value": "WOPK2250",
    "synonyms": [
      "WOPK2250"
    ]
  },
  {
    "value": "WOPK2251",
    "synonyms": [
      "WOPK2251"
    ]
  },
  {
    "value": "WOPK2252",
    "synonyms": [
      "WOPK2252"
    ]
  },
  {
    "value": "WOPK2253",
    "synonyms": [
      "WOPK2253"
    ]
  },
  {
    "value": "WOPK2254",
    "synonyms": [
      "WOPK2254"
    ]
  },
  {
    "value": "WOPK2255",
    "synonyms": [
      "WOPK2255"
    ]
  },
  {
    "value": "WOPK2256",
    "synonyms": [
      "WOPK2256"
    ]
  },
  {
    "value": "WOPK2257",
    "synonyms": [
      "WOPK2257"
    ]
  },
  {
    "value": "WOPK2258",
    "synonyms": [
      "WOPK2258"
    ]
  },
  {
    "value": "WOPK2259",
    "synonyms": [
      "WOPK2259"
    ]
  },
  {
    "value": "WOPK2260",
    "synonyms": [
      "WOPK2260"
    ]
  },
  {
    "value": "WOPK2261",
    "synonyms": [
      "WOPK2261"
    ]
  },
  {
    "value": "WOPK2262",
    "synonyms": [
      "WOPK2262"
    ]
  },
  {
    "value": "WOPK2263",
    "synonyms": [
      "WOPK2263"
    ]
  },
  {
    "value": "WOPK2264",
    "synonyms": [
      "WOPK2264"
    ]
  },
  {
    "value": "WOPK2265",
    "synonyms": [
      "WOPK2265"
    ]
  },
  {
    "value": "WOPK2266",
    "synonyms": [
      "WOPK2266"
    ]
  },
  {
    "value": "WOPK2267",
    "synonyms": [
      "WOPK2267"
    ]
  },
  {
    "value": "WOPK2268",
    "synonyms": [
      "WOPK2268"
    ]
  },
  {
    "value": "WOPK2269",
    "synonyms": [
      "WOPK2269"
    ]
  },
  {
    "value": "WOPK2270",
    "synonyms": [
      "WOPK2270"
    ]
  },
  {
    "value": "WOPK2271",
    "synonyms": [
      "WOPK2271"
    ]
  },
  {
    "value": "WOPK2272",
    "synonyms": [
      "WOPK2272"
    ]
  },
  {
    "value": "WOPK2273",
    "synonyms": [
      "WOPK2273"
    ]
  },
  {
    "value": "WOPK2274",
    "synonyms": [
      "WOPK2274"
    ]
  },
  {
    "value": "WOPK2275",
    "synonyms": [
      "WOPK2275"
    ]
  },
  {
    "value": "WOPK2276",
    "synonyms": [
      "WOPK2276"
    ]
  },
  {
    "value": "WOPK2277",
    "synonyms": [
      "WOPK2277"
    ]
  },
  {
    "value": "WOPK2278",
    "synonyms": [
      "WOPK2278"
    ]
  },
  {
    "value": "WOPK2279",
    "synonyms": [
      "WOPK2279"
    ]
  },
  {
    "value": "WOPK2280",
    "synonyms": [
      "WOPK2280"
    ]
  },
  {
    "value": "WOPK2281",
    "synonyms": [
      "WOPK2281"
    ]
  },
  {
    "value": "WOPK2282",
    "synonyms": [
      "WOPK2282"
    ]
  },
  {
    "value": "WOPK2283",
    "synonyms": [
      "WOPK2283"
    ]
  },
  {
    "value": "WOPK2284",
    "synonyms": [
      "WOPK2284"
    ]
  },
  {
    "value": "WOPK2285",
    "synonyms": [
      "WOPK2285"
    ]
  },
  {
    "value": "WOPK2286",
    "synonyms": [
      "WOPK2286"
    ]
  },
  {
    "value": "WOPK2287",
    "synonyms": [
      "WOPK2287"
    ]
  },
  {
    "value": "WOPK2288",
    "synonyms": [
      "WOPK2288"
    ]
  },
  {
    "value": "WOPK2289",
    "synonyms": [
      "WOPK2289"
    ]
  },
  {
    "value": "WOPK2290",
    "synonyms": [
      "WOPK2290"
    ]
  },
  {
    "value": "WOPK2291",
    "synonyms": [
      "WOPK2291"
    ]
  },
  {
    "value": "WOPK2292",
    "synonyms": [
      "WOPK2292"
    ]
  },
  {
    "value": "WSHY3322",
    "synonyms": [
      "WSHY3322"
    ]
  },
  {
    "value": "WSHY3323",
    "synonyms": [
      "WSHY3323"
    ]
  },
  {
    "value": "WSHY3324",
    "synonyms": [
      "WSHY3324"
    ]
  },
  {
    "value": "WSHY3325",
    "synonyms": [
      "WSHY3325"
    ]
  },
  {
    "value": "WSHY3326",
    "synonyms": [
      "WSHY3326"
    ]
  },
  {
    "value": "WSHY3327",
    "synonyms": [
      "WSHY3327"
    ]
  },
  {
    "value": "WSHY3328",
    "synonyms": [
      "WSHY3328"
    ]
  },
  {
    "value": "WSHY3329",
    "synonyms": [
      "WSHY3329"
    ]
  },
  {
    "value": "WSHY3330",
    "synonyms": [
      "WSHY3330"
    ]
  },
  {
    "value": "WSHY3331",
    "synonyms": [
      "WSHY3331"
    ]
  },
  {
    "value": "WSHY3332",
    "synonyms": [
      "WSHY3332"
    ]
  },
  {
    "value": "WSHY3333",
    "synonyms": [
      "WSHY3333"
    ]
  },
  {
    "value": "WSHY3334",
    "synonyms": [
      "WSHY3334"
    ]
  },
  {
    "value": "WSHY3335",
    "synonyms": [
      "WSHY3335"
    ]
  },
  {
    "value": "WSHY3336",
    "synonyms": [
      "WSHY3336"
    ]
  },
  {
    "value": "WSHY3337",
    "synonyms": [
      "WSHY3337"
    ]
  },
  {
    "value": "WSHY3338",
    "synonyms": [
      "WSHY3338"
    ]
  },
  {
    "value": "WSHY3339",
    "synonyms": [
      "WSHY3339"
    ]
  },
  {
    "value": "WSHY3340",
    "synonyms": [
      "WSHY3340"
    ]
  },
  {
    "value": "WSHY3341",
    "synonyms": [
      "WSHY3341"
    ]
  },
  {
    "value": "WSHY3342",
    "synonyms": [
      "WSHY3342"
    ]
  },
  {
    "value": "WSHY3343",
    "synonyms": [
      "WSHY3343"
    ]
  },
  {
    "value": "WSHY3344",
    "synonyms": [
      "WSHY3344"
    ]
  },
  {
    "value": "WSHY3345",
    "synonyms": [
      "WSHY3345"
    ]
  },
  {
    "value": "WSHY3346",
    "synonyms": [
      "WSHY3346"
    ]
  },
  {
    "value": "WSHY3347",
    "synonyms": [
      "WSHY3347"
    ]
  },
  {
    "value": "WSHY3348",
    "synonyms": [
      "WSHY3348"
    ]
  },
  {
    "value": "WSHY3349",
    "synonyms": [
      "WSHY3349"
    ]
  },
  {
    "value": "WSHY3350",
    "synonyms": [
      "WSHY3350"
    ]
  },
  {
    "value": "WSHY3351",
    "synonyms": [
      "WSHY3351"
    ]
  },
  {
    "value": "WSHY3352",
    "synonyms": [
      "WSHY3352"
    ]
  },
  {
    "value": "WSHY3353",
    "synonyms": [
      "WSHY3353"
    ]
  },
  {
    "value": "WSHY3354",
    "synonyms": [
      "WSHY3354"
    ]
  },
  {
    "value": "WSHY3355",
    "synonyms": [
      "WSHY3355"
    ]
  },
  {
    "value": "WSHY3356",
    "synonyms": [
      "WSHY3356"
    ]
  },
  {
    "value": "WSHY3357",
    "synonyms": [
      "WSHY3357"
    ]
  },
  {
    "value": "WSHY3358",
    "synonyms": [
      "WSHY3358"
    ]
  },
  {
    "value": "WSHY3359",
    "synonyms": [
      "WSHY3359"
    ]
  },
  {
    "value": "WSHY3360",
    "synonyms": [
      "WSHY3360"
    ]
  },
  {
    "value": "WSHY3361",
    "synonyms": [
      "WSHY3361"
    ]
  },
  {
    "value": "WSHY3362",
    "synonyms": [
      "WSHY3362"
    ]
  },
  {
    "value": "WSHY3363",
    "synonyms": [
      "WSHY3363"
    ]
  },
  {
    "value": "WSHY3364",
    "synonyms": [
      "WSHY3364"
    ]
  },
  {
    "value": "WSHY3365",
    "synonyms": [
      "WSHY3365"
    ]
  },
  {
    "value": "WSHY3366",
    "synonyms": [
      "WSHY3366"
    ]
  },
  {
    "value": "WSHY3367",
    "synonyms": [
      "WSHY3367"
    ]
  },
  {
    "value": "WSHY3368",
    "synonyms": [
      "WSHY3368"
    ]
  },
  {
    "value": "WSHY3369",
    "synonyms": [
      "WSHY3369"
    ]
  },
  {
    "value": "WSHY3370",
    "synonyms": [
      "WSHY3370"
    ]
  },
  {
    "value": "WSHY3371",
    "synonyms": [
      "WSHY3371"
    ]
  },
  {
    "value": "WSHY3372",
    "synonyms": [
      "WSHY3372"
    ]
  },
  {
    "value": "WSHY3373",
    "synonyms": [
      "WSHY3373"
    ]
  },
  {
    "value": "WSHY3374",
    "synonyms": [
      "WSHY3374"
    ]
  },
  {
    "value": "WSHY3375",
    "synonyms": [
      "WSHY3375"
    ]
  },
  {
    "value": "WSHY3376",
    "synonyms": [
      "WSHY3376"
    ]
  },
  {
    "value": "WSHY3377",
    "synonyms": [
      "WSHY3377"
    ]
  },
  {
    "value": "WSHY3378",
    "synonyms": [
      "WSHY3378"
    ]
  },
  {
    "value": "WSHY3379",
    "synonyms": [
      "WSHY3379"
    ]
  },
  {
    "value": "WSHY3380",
    "synonyms": [
      "WSHY3380"
    ]
  },
  {
    "value": "WSHY3381",
    "synonyms": [
      "WSHY3381"
    ]
  },
  {
    "value": "WSHY3382",
    "synonyms": [
      "WSHY3382"
    ]
  },
  {
    "value": "WSHY3383",
    "synonyms": [
      "WSHY3383"
    ]
  }
]