[
  {
    "id": "b5afa267-d7f8-4371-8d7e-67d46d6d70c3",
    "data": [
      {
        "text": "Not at all Satisfied",
        "alias": "feedback",
        "meta": "@sys.any",
        "userDefined": true
      }
    ],
    "isTemplate": false,
    "count": 0,
    "updated": 1538873806
  },
  {
    "id": "27f5ccb8-12f1-4766-a0b5-41f2a79eb0a6",
    "data": [
      {
        "text": "Somewhat Satisfied",
        "alias": "feedback",
        "meta": "@sys.any",
        "userDefined": true
      }
    ],
    "isTemplate": false,
    "count": 0,
    "updated": 1538873806
  },
  {
    "id": "de784d2a-8e9c-4e98-a173-d4240bb9b096",
    "data": [
      {
        "text": "Satisfied",
        "alias": "feedback",
        "meta": "@sys.any",
        "userDefined": true
      }
    ],
    "isTemplate": false,
    "count": 0,
    "updated": 1538873806
  },
  {
    "id": "dbed9c25-298f-4849-8df8-42bfc82ef09a",
    "data": [
      {
        "text": "Very Satisfied",
        "alias": "feedback",
        "meta": "@sys.any",
        "userDefined": true
      }
    ],
    "isTemplate": false,
    "count": 0,
    "updated": 1538873806
  }
]