[
  {
    "id": "3a175cc1-2f60-4dca-9b11-97e2a21c1362",
    "data": [
      {
        "text": "hey",
        "userDefined": false
      }
    ],
    "isTemplate": false,
    "count": 0,
    "updated": 1538245027
  },
  {
    "id": "083b52b6-9121-4635-8d76-150524b0a37f",
    "data": [
      {
        "text": "Talk to ",
        "userDefined": false
      },
      {
        "text": "GE Appliance Bot",
        "meta": "@sys.ignore",
        "userDefined": false
      }
    ],
    "isTemplate": false,
    "count": 0,
    "updated": 1538118539
  },
  {
    "id": "cffae09a-e4a4-44a8-b1cf-2506567dad0c",
    "data": [
      {
        "text": "hello",
        "userDefined": false
      }
    ],
    "isTemplate": false,
    "count": 0,
    "updated": 1537659259
  },
  {
    "id": "42dd475d-72fc-45e0-b85c-f829436da3e1",
    "data": [
      {
        "text": "hi",
        "userDefined": false
      }
    ],
    "isTemplate": false,
    "count": 0,
    "updated": 1537651393
  }
]