[
  {
    "id": "184e124d-b7ab-4c9d-9805-13c66a70d6d3",
    "data": [
      {
        "text": "Cancel this appointment",
        "alias": "cancel_appointment",
        "meta": "@cancel_appointment",
        "userDefined": false
      }
    ],
    "isTemplate": false,
    "count": 0,
    "updated": 1538257501
  },
  {
    "id": "1c804312-563c-46eb-b2e4-ae0cf282d2a9",
    "data": [
      {
        "text": "By mistake I booked an appointment so I want to cancel it",
        "alias": "cancel_appointment",
        "meta": "@cancel_appointment",
        "userDefined": true
      }
    ],
    "isTemplate": false,
    "count": 0,
    "updated": 1538096037
  },
  {
    "id": "e63f796f-d509-4eb8-9e96-01cb851bc878",
    "data": [
      {
        "text": "I just want to cancel the appointment",
        "alias": "cancellation_reason",
        "meta": "@sys.any",
        "userDefined": false
      }
    ],
    "isTemplate": false,
    "count": 0,
    "updated": 1538093635
  },
  {
    "id": "afda1643-df45-41f7-b932-5f2f552b5c67",
    "data": [
      {
        "text": "72051",
        "alias": "tracking_num",
        "meta": "@sys.number",
        "userDefined": false
      }
    ],
    "isTemplate": false,
    "count": 0,
    "updated": 1538093635
  },
  {
    "id": "662186cb-6ac4-44d0-90e8-84c066a41fcb",
    "data": [
      {
        "text": "cancel appointment",
        "alias": "cancel_appointment",
        "meta": "@cancel_appointment",
        "userDefined": false
      }
    ],
    "isTemplate": false,
    "count": 0,
    "updated": 1538093635
  },
  {
    "id": "7f521e87-50b6-4c3c-9996-59390fb58860",
    "data": [
      {
        "text": "cancel the appointment",
        "alias": "cancel_appointment",
        "meta": "@cancel_appointment",
        "userDefined": false
      }
    ],
    "isTemplate": false,
    "count": 0,
    "updated": 1538093635
  }
]