[
  {
    "id": "3c264d17-937c-4f8d-9e17-fdb0eaf8cfe2",
    "data": [
      {
        "text": "598674",
        "alias": "tracking_number",
        "meta": "@sys.number",
        "userDefined": false
      }
    ],
    "isTemplate": false,
    "count": 0,
    "updated": 1538264932
  },
  {
    "id": "bf8b06d4-635b-466c-a458-e8f7304239b4",
    "data": [
      {
        "text": "check appointment status",
        "alias": "status",
        "meta": "@status",
        "userDefined": true
      }
    ],
    "isTemplate": false,
    "count": 0,
    "updated": 1538085013
  },
  {
    "id": "15e7948f-0942-43ae-9c47-82e44e3de20a",
    "data": [
      {
        "text": "check status",
        "alias": "status",
        "meta": "@status",
        "userDefined": false
      }
    ],
    "isTemplate": false,
    "count": 0,
    "updated": 1538084174
  }
]