[
  {
    "id": "9a67ad48-d4f2-46f6-a95a-7d975655147a",
    "data": [
      {
        "text": "1563",
        "alias": "otp",
        "meta": "@sys.number",
        "userDefined": false
      }
    ],
    "isTemplate": false,
    "count": 0,
    "updated": 1538850842
  },
  {
    "id": "9e425f10-f718-433d-9938-567adfaccc96",
    "data": [
      {
        "text": "7458",
        "alias": "otp",
        "meta": "@sys.number",
        "userDefined": false
      }
    ],
    "isTemplate": false,
    "count": 0,
    "updated": 1538850842
  },
  {
    "id": "438dd5b0-8dbc-4921-9201-28c0b807b862",
    "data": [
      {
        "text": "5689",
        "alias": "otp",
        "meta": "@sys.number",
        "userDefined": false
      }
    ],
    "isTemplate": false,
    "count": 0,
    "updated": 1538850842
  },
  {
    "id": "47cfc3cd-2178-4ffd-8d08-944c7aa9b174",
    "data": [
      {
        "text": "1234",
        "alias": "otp",
        "meta": "@sys.number",
        "userDefined": false
      }
    ],
    "isTemplate": false,
    "count": 0,
    "updated": 1538850842
  },
  {
    "id": "90ebec39-9928-4887-a114-7601ba25d438",
    "data": [
      {
        "text": "umangshah97@gmail.com",
        "alias": "email",
        "meta": "@sys.email",
        "userDefined": true
      }
    ],
    "isTemplate": false,
    "count": 0,
    "updated": 1538261396
  },
  {
    "id": "0cb78b8f-413a-4126-9d6c-79ac74223ca8",
    "data": [
      {
        "text": "303504",
        "alias": "zipcode",
        "meta": "@sys.zip-code",
        "userDefined": false
      }
    ],
    "isTemplate": false,
    "count": 0,
    "updated": 1538261396
  },
  {
    "id": "f3deb1e9-155a-4a12-b7e8-bde497799617",
    "data": [
      {
        "text": "600048",
        "alias": "zipcode",
        "meta": "@sys.zip-code",
        "userDefined": true
      }
    ],
    "isTemplate": false,
    "count": 0,
    "updated": 1538261396
  },
  {
    "id": "713f4c64-0fc7-4bb4-b1b1-cc7f31bb7859",
    "data": [
      {
        "text": "9461622564",
        "alias": "phone_num",
        "meta": "@sys.phone-number",
        "userDefined": false
      }
    ],
    "isTemplate": false,
    "count": 0,
    "updated": 1538261396
  },
  {
    "id": "6b59a1b1-810a-462c-883b-c99d881e0621",
    "data": [
      {
        "text": "9790726927",
        "alias": "phone_num",
        "meta": "@sys.phone-number",
        "userDefined": true
      }
    ],
    "isTemplate": false,
    "count": 0,
    "updated": 1538261396
  },
  {
    "id": "e07d6f83-30b8-4bf8-8bb3-610e41290c8f",
    "data": [
      {
        "text": "abhay.garg2015@vit.ac.in",
        "alias": "email",
        "meta": "@sys.email",
        "userDefined": true
      }
    ],
    "isTemplate": false,
    "count": 0,
    "updated": 1538261396
  },
  {
    "id": "99930a77-bbb6-4533-b648-f40f6ec8f852",
    "data": [
      {
        "text": "gargabhay1999@gmail.com",
        "alias": "email",
        "meta": "@sys.email",
        "userDefined": true
      }
    ],
    "isTemplate": false,
    "count": 0,
    "updated": 1538261396
  }
]