[
  {
    "id": "9093c7a3-7939-4b72-9686-844cfe0afc44",
    "data": [
      {
        "text": "Umang Shah",
        "alias": "name",
        "meta": "@sys.any",
        "userDefined": true
      }
    ],
    "isTemplate": false,
    "count": 0,
    "updated": 1538246381
  },
  {
    "id": "c1cc2911-af45-4785-88d9-2082ef821e76",
    "data": [
      {
        "text": "Shubham Barudwale",
        "alias": "name",
        "meta": "@sys.any",
        "userDefined": true
      }
    ],
    "isTemplate": false,
    "count": 0,
    "updated": 1538245359
  },
  {
    "id": "90d5843e-78a6-49c9-b89d-4e49bf3dc45f",
    "data": [
      {
        "text": "It\u0027s ",
        "userDefined": false
      },
      {
        "text": "Shubham",
        "alias": "name",
        "meta": "@sys.any",
        "userDefined": true
      }
    ],
    "isTemplate": false,
    "count": 0,
    "updated": 1538245359
  },
  {
    "id": "61c182e8-114c-4ef6-b516-bc98f0bd6b38",
    "data": [
      {
        "text": "It\u0027s ",
        "userDefined": false
      },
      {
        "text": "Abhay",
        "alias": "name",
        "meta": "@sys.any",
        "userDefined": false
      }
    ],
    "isTemplate": false,
    "count": 0,
    "updated": 1538245289
  },
  {
    "id": "05348c03-7bba-425e-b27e-91a5be43b894",
    "data": [
      {
        "text": "Abhay",
        "alias": "name",
        "meta": "@sys.any",
        "userDefined": true
      }
    ],
    "isTemplate": false,
    "count": 0,
    "updated": 1538245289
  },
  {
    "id": "3326a2be-cc65-4cc1-9052-4db0830c275f",
    "data": [
      {
        "text": "Abhay Garg",
        "alias": "name",
        "meta": "@sys.any",
        "userDefined": true
      }
    ],
    "isTemplate": false,
    "count": 0,
    "updated": 1538245289
  },
  {
    "id": "411000e4-5508-4181-ae52-d70a6480acdd",
    "data": [
      {
        "text": "My name is ",
        "userDefined": false
      },
      {
        "text": "Abhay",
        "alias": "name",
        "meta": "@sys.any",
        "userDefined": false
      }
    ],
    "isTemplate": false,
    "count": 0,
    "updated": 1538245289
  }
]