[
  {
    "id": "7a71ff55-f53b-4d0e-8504-945d567b6faa",
    "data": [
      {
        "text": "Friday 8 AM",
        "alias": "timings",
        "meta": "@sys.any",
        "userDefined": true
      }
    ],
    "isTemplate": false,
    "count": 0,
    "updated": 1538072352
  },
  {
    "id": "c77bcfc6-7afd-4ff7-9e97-79518f2e2094",
    "data": [
      {
        "text": "Thursday 8 AM",
        "alias": "timings",
        "meta": "@sys.any",
        "userDefined": true
      }
    ],
    "isTemplate": false,
    "count": 0,
    "updated": 1538072352
  },
  {
    "id": "70b9bfc6-893d-452f-9aee-245464621b89",
    "data": [
      {
        "text": "Wednesday 8 AM",
        "alias": "timings",
        "meta": "@sys.any",
        "userDefined": true
      }
    ],
    "isTemplate": false,
    "count": 0,
    "updated": 1538072352
  },
  {
    "id": "10a1d662-f948-45e7-9658-85549f05c86b",
    "data": [
      {
        "text": "Tuesday 8 AM",
        "alias": "timings",
        "meta": "@sys.any",
        "userDefined": true
      }
    ],
    "isTemplate": false,
    "count": 0,
    "updated": 1538072352
  },
  {
    "id": "2e7a0b53-be22-4e61-8d5f-2a355e0e352d",
    "data": [
      {
        "text": "Monday 8 AM",
        "alias": "timings",
        "meta": "@sys.any",
        "userDefined": true
      }
    ],
    "isTemplate": false,
    "count": 0,
    "updated": 1538072352
  }
]