[
  {
    "id": "905c635f-a0bd-455d-909a-5ea596712b67",
    "data": [
      {
        "text": "Thursday 8 AM",
        "alias": "rescheduled_timings",
        "meta": "@sys.any",
        "userDefined": true
      }
    ],
    "isTemplate": false,
    "count": 0,
    "updated": 1538089884
  },
  {
    "id": "0297392a-ec27-4a1c-ba7e-1b54a30f3651",
    "data": [
      {
        "text": "Wednesday 8 AM",
        "alias": "rescheduled_timings",
        "meta": "@sys.any",
        "userDefined": true
      }
    ],
    "isTemplate": false,
    "count": 0,
    "updated": 1538089884
  },
  {
    "id": "2f44e9bc-02d2-4ca7-81ce-8d5390798b89",
    "data": [
      {
        "text": "Tuesday 8 AM",
        "alias": "rescheduled_timings",
        "meta": "@sys.any",
        "userDefined": true
      }
    ],
    "isTemplate": false,
    "count": 0,
    "updated": 1538089884
  },
  {
    "id": "41b485d3-4874-469b-a8bd-2c3cae60923c",
    "data": [
      {
        "text": "Monday 8 AM",
        "alias": "rescheduled_timings",
        "meta": "@sys.any",
        "userDefined": true
      }
    ],
    "isTemplate": false,
    "count": 0,
    "updated": 1538089884
  },
  {
    "id": "62d55296-f324-44b4-98f1-a0d064414d3d",
    "data": [
      {
        "text": "Friday 8 AM",
        "alias": "rescheduled_timings",
        "meta": "@sys.any",
        "userDefined": true
      }
    ],
    "isTemplate": false,
    "count": 0,
    "updated": 1538089884
  }
]