[
  {
    "id": "1e934200-8e68-4896-9233-7bf7b919f6b5",
    "data": [
      {
        "text": "369854",
        "alias": "tracking_number",
        "meta": "@sys.number",
        "userDefined": false
      }
    ],
    "isTemplate": false,
    "count": 0,
    "updated": 1538267652
  },
  {
    "id": "66ea2ad0-ba68-4a03-be08-1616038d344a",
    "data": [
      {
        "text": "Reschedule an Appointment",
        "alias": "reschedule_appointment",
        "meta": "@reschedule_appointment",
        "userDefined": false
      }
    ],
    "isTemplate": false,
    "count": 0,
    "updated": 1538089302
  },
  {
    "id": "440d4442-b69c-4893-9c10-2ac90c2ab72d",
    "data": [
      {
        "text": "Reschedule Appointment",
        "alias": "reschedule_appointment",
        "meta": "@reschedule_appointment",
        "userDefined": false
      }
    ],
    "isTemplate": false,
    "count": 0,
    "updated": 1538089302
  }
]