[
  {
    "id": "09a0ca45-3dea-402e-bcae-2dee9ab59729",
    "data": [
      {
        "text": "I want to ",
        "userDefined": false
      },
      {
        "text": "book an appointment",
        "meta": "@sys.ignore",
        "userDefined": false
      }
    ],
    "isTemplate": false,
    "count": 0,
    "updated": 1538246642
  },
  {
    "id": "a8999671-4c85-452a-88b5-afbbd35c432b",
    "data": [
      {
        "text": "I want to book a service appointment",
        "userDefined": false
      }
    ],
    "isTemplate": false,
    "count": 0,
    "updated": 1538246642
  },
  {
    "id": "336a2c5e-53ca-4842-8b01-53b44f632b78",
    "data": [
      {
        "text": "Book Service Appointment",
        "userDefined": false
      }
    ],
    "isTemplate": false,
    "count": 0,
    "updated": 1538246642
  },
  {
    "id": "5b2c60e2-de1f-4f4b-ae44-a54cab7baec0",
    "data": [
      {
        "text": "book a service call",
        "userDefined": false
      }
    ],
    "isTemplate": false,
    "count": 0,
    "updated": 1538168191
  },
  {
    "id": "a43916cf-c26d-4377-9aeb-128ced0ce9ec",
    "data": [
      {
        "text": "book service",
        "userDefined": false
      }
    ],
    "isTemplate": false,
    "count": 0,
    "updated": 1538168191
  },
  {
    "id": "8561c896-25ad-41ed-bd76-565aa804ecf1",
    "data": [
      {
        "text": "service appointment",
        "userDefined": false
      }
    ],
    "isTemplate": false,
    "count": 0,
    "updated": 1538168191
  },
  {
    "id": "b6bc1d0d-054d-4341-b12e-5eefc5f609a1",
    "data": [
      {
        "text": "new service appointment",
        "userDefined": false
      }
    ],
    "isTemplate": false,
    "count": 0,
    "updated": 1538168191
  },
  {
    "id": "6200f629-971c-439d-85ec-ff0295338b68",
    "data": [
      {
        "text": "book an appointment",
        "meta": "@sys.ignore",
        "userDefined": false
      },
      {
        "text": " for me",
        "userDefined": false
      }
    ],
    "isTemplate": false,
    "count": 0,
    "updated": 1538168191
  },
  {
    "id": "6a3d2f5d-d49c-452c-a38d-1989960ad315",
    "data": [
      {
        "text": "I want to ",
        "userDefined": false
      },
      {
        "text": "have an appointment",
        "meta": "@sys.ignore",
        "userDefined": true
      }
    ],
    "isTemplate": false,
    "count": 0,
    "updated": 1538168191
  },
  {
    "id": "503445e5-542b-448f-b1f1-c6db28adae93",
    "data": [
      {
        "text": "I want to ",
        "userDefined": false
      },
      {
        "text": "book appointment",
        "meta": "@sys.ignore",
        "userDefined": false
      }
    ],
    "isTemplate": false,
    "count": 0,
    "updated": 1538168191
  },
  {
    "id": "79d53827-f4ab-4e7e-baf5-77025c624559",
    "data": [
      {
        "text": "book appointment",
        "meta": "@sys.ignore",
        "userDefined": false
      }
    ],
    "isTemplate": false,
    "count": 0,
    "updated": 1538168191
  },
  {
    "id": "bdcaf9ab-cb52-4f5c-a349-c9f84fe0146b",
    "data": [
      {
        "text": "Book an Appointment",
        "meta": "@sys.ignore",
        "userDefined": true
      }
    ],
    "isTemplate": false,
    "count": 1,
    "updated": 1538168191
  },
  {
    "id": "ce98a9a4-ce9d-411a-8a77-bd77d4ef842b",
    "data": [
      {
        "text": "book apointment",
        "meta": "@sys.ignore",
        "userDefined": true
      }
    ],
    "isTemplate": false,
    "count": 1,
    "updated": 1538168191
  }
]