[
  {
    "id": "75497420-7df7-4e2e-b190-d3a271de512d",
    "data": [
      {
        "text": "Okay, Thank you. Bbye!!",
        "userDefined": false
      }
    ],
    "isTemplate": false,
    "count": 0,
    "updated": 1538790515
  },
  {
    "id": "8f371253-fa04-4c91-b23c-2e5ddc4dbbd4",
    "data": [
      {
        "text": "Bye",
        "userDefined": false
      }
    ],
    "isTemplate": false,
    "count": 0,
    "updated": 1538790515
  },
  {
    "id": "c82795e7-54ac-4916-bf9d-bac4587a1391",
    "data": [
      {
        "text": "Ok, Thanks!!",
        "userDefined": false
      }
    ],
    "isTemplate": false,
    "count": 0,
    "updated": 1538790515
  },
  {
    "id": "3bb4546c-2bb2-465e-b3a6-b11836a1c740",
    "data": [
      {
        "text": "Okay, Thanks!! Bye",
        "userDefined": false
      }
    ],
    "isTemplate": false,
    "count": 0,
    "updated": 1538790515
  },
  {
    "id": "43e023a6-feb0-4e1c-9cbb-3706e2ee69fb",
    "data": [
      {
        "text": "Thanks, That\u0027s it for now",
        "userDefined": false
      }
    ],
    "isTemplate": false,
    "count": 0,
    "updated": 1538790515
  }
]