[
  {
    "id": "48cc752a-404c-4fb5-8619-8d8f8328261f",
    "data": [
      {
        "text": "MAIN MARket mandawari",
        "alias": "address",
        "meta": "@sys.any",
        "userDefined": true
      }
    ],
    "isTemplate": false,
    "count": 0,
    "updated": 1538081952
  },
  {
    "id": "2b5dc82f-9d08-4280-b474-327575101024",
    "data": [
      {
        "text": "VIT CHENNAI",
        "alias": "address",
        "meta": "@sys.any",
        "userDefined": true
      }
    ],
    "isTemplate": false,
    "count": 0,
    "updated": 1538081952
  }
]